{
  "sessions": 50,
  "open": {
    "p50": 1.1239000000005035,
    "p95": 1.6950999999999112,
    "p99": 2.281699999999546
  },
  "payment": {
    "p50": 0,
    "p95": 0,
    "p99": 0
  },
  "close": {
    "p50": 0,
    "p95": 0,
    "p99": 0
  },
  "disputes": 0,
  "failures": 50
}