{
  "sessions": 50,
  "open": {
    "p50": 0.8049000000000888,
    "p95": 1.8713999999999942,
    "p99": 2.7115999999996347
  },
  "payment": {
    "p50": 0,
    "p95": 0,
    "p99": 0
  },
  "close": {
    "p50": 0,
    "p95": 0,
    "p99": 0
  },
  "disputes": 0,
  "failures": 50
}