{
  "sessions": 50,
  "open": {
    "p50": 0.8833999999997104,
    "p95": 1.9073000000007596,
    "p99": 2.212800000000243
  },
  "payment": {
    "p50": 4.7819099999997885,
    "p95": 15.24296000000004,
    "p99": 19.024819999999817
  },
  "close": {
    "p50": 0,
    "p95": 0,
    "p99": 0
  },
  "disputes": 5,
  "failures": 50
}