{
  "sessions": 50,
  "open": {
    "p50": 1.1120999999998276,
    "p95": 3.0596000000005006,
    "p99": 3.757900000000518
  },
  "payment": {
    "p50": 4.5128699999999755,
    "p95": 19.066460000000006,
    "p99": 23.132949999999983
  },
  "close": {
    "p50": 0,
    "p95": 0,
    "p99": 0
  },
  "disputes": 5,
  "failures": 50
}