{
  "sessions": 50,
  "open": {
    "p50": 0.9906000000000859,
    "p95": 2.1135999999996784,
    "p99": 2.6971000000003187
  },
  "payment": {
    "p50": 9.316850000000068,
    "p95": 28.72719999999981,
    "p99": 28.946180000000005
  },
  "close": {
    "p50": 0,
    "p95": 0,
    "p99": 0
  },
  "disputes": 5,
  "failures": 50
}