{
  "sessions": 50,
  "open": {
    "p50": 0.7457000000003973,
    "p95": 1.6176000000004933,
    "p99": 1.8566000000000713
  },
  "payment": {
    "p50": 2.712419999999929,
    "p95": 14.457720000000018,
    "p99": 15.548369999999887
  },
  "close": {
    "p50": 0,
    "p95": 0,
    "p99": 0
  },
  "disputes": 5,
  "failures": 50
}